0;0;1,0;0,0;0,0
1;1;0,992138;0,00980392;0,00972684
2;2;0,968707;0,0196078;0,0189943
3;3;0,930075;0,0294118;0,0273551
4;4;0,876848;0,0392157;0,0343862
5;5;0,809849;0,0490196;0,0396985
6;6;0,730127;0,0588235;0,0429486
7;7;0,638948;0,0686275;0,0438494
8;8;0,537743;0,0784314;0,0421759
9;9;0,428098;0,0882353;0,0377733
10;10;0,311724;0,0980392;0,0305612
11;11;0,190458;0,107843;0,0205395
12;12;0,0662033;0,117647;0,00778863
13;13;-0,0590903;0,127451;-0,00753112
14;14;-0,183458;0,137255;-0,0251806
15;15;-0,304942;0,147059;-0,0448445
16;16;-0,421639;0,156863;-0,0661395
17;17;-0,531719;0,166667;-0,0886199
18;18;-0,633457;0,176471;-0,111786
19;19;-0,725244;0,186275;-0,135094
20;20;-0,805638;0,196078;-0,157968
21;21;-0,87339;0,205882;-0,179816
22;22;-0,927436;0,215686;-0,200035
23;23;-0,96693;0,22549;-0,218033
24;24;-0,991222;0,235294;-0,233229
25;25;-0,999956;0,245098;-0,245087
26;26;-0,992999;0,254902;-0,253118
27;27;-0,97046;0,264706;-0,256887
28;28;-0,932682;0,27451;-0,25603
29;29;-0,880247;0,284314;-0,250266
30;30;-0,814;0,294118;-0,239412
31;31;-0,73498;0,303922;-0,223376
32;32;-0,644426;0,313726;-0,202173
33;33;-0,543743;0,323529;-0,175917
34;34;-0,434523;0,333333;-0,144841
35;35;-0,318486;0,343137;-0,109285
36;36;-0,197451;0,352941;-0,0696885
37;37;-0,0733142;0,362745;-0,0265944
38;38;0,0519748;0,372549;0,0193631
39;39;0,176446;0,382353;0,0674647
40;40;0,298148;0,392157;0,116921
41;41;0,415173;0,401961;0,166883
42;42;0,525677;0,411765;0,216455
43;43;0,627923;0,421569;0,264712
44;44;0,720313;0,431373;0,310723
45;45;0,801401;0,441176;0,353559
46;46;0,869914;0,45098;0,392314
47;47;0,924752;0,460784;0,426111
48;48;0,965073;0,470588;0,454152
49;49;0,99025;0,480392;0,475709
50;50;0,999888;0,490196;0,490141
51;51;0,993827;0,5;0,496914
52;52;0,972147;0,509804;0,495604
53;53;0,935212;0,519608;0,485944
54;54;0,883602;0,529412;0,467789
55;55;0,818125;0,539216;0,441146
56;56;0,739793;0,54902;0,406161
57;57;0,649844;0,558824;0,363148
58;58;0,549698;0,568627;0,312573
59;59;0,440926;0,578431;0,255045
60;60;0,325233;0,588235;0,191313
61;61;0,204425;0,598039;0,122254
62;62;0,0804124;0,607843;0,0488782
63;63;-0,0448618;0,617647;-0,0277088
64;64;-0,169433;0,627451;-0,106311
65;65;-0,291345;0,637255;-0,185661
66;66;-0,408679;0,647059;-0,264439
67;67;-0,519598;0,656863;-0,341304
68;68;-0,622364;0,666667;-0,414909
69;69;-0,715364;0,676471;-0,483923
70;70;-0,797121;0,686275;-0,547044
71;71;-0,866364;0,696078;-0,603057
72;72;-0,92201;0,705882;-0,650831
73;73;-0,963189;0,715686;-0,689341
74;74;-0,989248;0,72549;-0,71769
75;75;-0,999757;0,735294;-0,735116
76;76;-0,994578;0,745098;-0,741058
77;77;-0,973792;0,754902;-0,735117
78;78;-0,937724;0,764706;-0,717083
79;79;-0,886924;0,77451;-0,686931
80;80;-0,822195;0,784314;-0,644859
81;81;-0,744564;0,794118;-0,591271
82;82;-0,655249;0,803922;-0,526769
83;83;-0,55565;0,813725;-0,452146
84;84;-0,447313;0,823529;-0,368376
85;85;-0,331959;0,833333;-0,276633
86;86;-0,211396;0,843137;-0,178236
87;87;-0,0875151;0,852941;-0,0746452
88;88;0,0377419;0,862745;0,0325616
89;89;0,162405;0,872549;0,141706
90;90;0,284518;0,882353;0,251045
91;91;0,402166;0,892157;0,358796
92;92;0,513506;0,901961;0,463162
93;93;0,616775;0,911765;0,562353
94;94;0,710359;0,921569;0,654644
95;95;0,792795;0,931373;0,738387
96;96;0,862791;0,941176;0,812038
97;97;0,919245;0,95098;0,874184
98;98;0,961248;0,960784;0,923552
99;99;0,988166;0,970588;0,959102
100;100;0,999578;0,980392;0,979978
101;101;0,995303;0,990196;0,985546
102;102;0,975394;1,0;0,975394
103;103;0,940164;0,997525;0,937836
104;104;0,89018;0,995049;0,885773
105;105;0,826228;0,992574;0,820093
106;106;0,749309;0,990099;0,74189
107;107;0,66061;0,987624;0,652434
108;108;0,561544;0,985148;0,553204
109;109;0,453666;0,982673;0,445806
110;110;0,338669;0,980198;0,331963
111;111;0,218353;0,977723;0,213488
112;112;0,0946056;0,975248;0,0922638
113;113;-0,0306246;0,972772;-0,0297907
114;114;-0,155374;0,970297;-0,150759
115;115;-0,277687;0,967822;-0,268752
116;116;-0,395637;0,965347;-0,381927
117;117;-0,507373;0,962871;-0,488535
118;118;-0,611147;0,960396;-0,586943
119;119;-0,70533;0,957921;-0,67565
120;120;-0,788446;0,955446;-0,753317
121;121;-0,859165;0,95297;-0,818759
122;122;-0,916401;0,950495;-0,871035
123;123;-0,959256;0,94802;-0,909394
124;124;-0,987059;0,945545;-0,933308
125;125;-0,999359;0,943069;-0,942465
126;126;-0,995959;0,940594;-0,936793
127;127;-0,97693;0,938119;-0,916476
128;128;-0,942571;0,935644;-0,88191
129;129;-0,89342;0,933168;-0,833711
130;130;-0,830225;0,930693;-0,772685
131;131;-0,753999;0,928218;-0,699875
132;132;-0,665942;0,925743;-0,616491
133;133;-0,567433;0,923267;-0,523892
134;134;-0,460014;0,920792;-0,423578
135;135;-0,345366;0,918317;-0,317155
136;136;-0,2253;0,915842;-0,206339
137;137;-0,101698;0,913366;-0,0928876
138;138;0,023501;0,910891;0,0214068
139;139;0,148332;0,908416;0,134747
140;140;0,270831;0,905941;0,245357
141;141;0,38908;0,903465;0,35152
142;142;0,501224;0,90099;0,451598
143;143;0,605504;0,898515;0,544054
144;144;0,700263;0,89604;0,627463
145;145;0,784031;0,893564;0,700582
146;146;0,855496;0,891089;0,762323
147;147;0,913537;0,888614;0,811781
148;148;0,957231;0,886139;0,848239
149;149;0,985885;0,883663;0,87119
150;150;0,999068;0,881188;0,880367
151;151;0,996573;0,878713;0,875702
152;152;0,97844;0,876238;0,857346
153;153;0,944928;0,873762;0,825642
154;154;0,896581;0,871287;0,78118
155;155;0,834166;0,868812;0,724733
156;156;0,758661;0,866337;0,657255
157;157;0,671245;0,863861;0,579862
158;158;0,573278;0,861386;0,493813
159;159;0,466316;0,858911;0,400524
160;160;0,352038;0,856436;0,301498
161;161;0,232233;0,85396;0,198318
162;162;0,10878;0,851485;0,0926244
163;163;-0,0163811;0,84901;-0,0139077
164;164;-0,141284;0,846535;-0,119602
165;165;-0,26397;0,844059;-0,222806
166;166;-0,382515;0,841584;-0,321919
167;167;-0,495047;0,839109;-0,415399
168;168;-0,599808;0,836634;-0,501819
169;169;-0,695156;0,834158;-0,57987
170;170;-0,779596;0,831683;-0,648376
171;171;-0,851795;0,829208;-0,706315
172;172;-0,910609;0,826733;-0,75283
173;173;-0,955132;0,824257;-0,787275
174;174;-0,984668;0,821782;-0,809183
175;175;-0,998752;0,819307;-0,818285
176;176;-0,997141;0,816832;-0,814496
177;177;-0,979873;0,814356;-0,797966
178;178;-0,947229;0,811881;-0,769038
179;179;-0,899721;0,809406;-0,72824
180;180;-0,838091;0,806931;-0,676281
181;181;-0,763284;0,804455;-0,614028
182;182;-0,676502;0,80198;-0,542541
183;183;-0,579103;0,799505;-0,462996
184;184;-0,472616;0,79703;-0,376689
185;185;-0,358704;0,794554;-0,28501
186;186;-0,239158;0,792079;-0,189432
187;187;-0,115861;0,789604;-0,0914841
188;188;0,00925519;0,787129;0,00728503
189;189;0,134228;0,784653;0,105322
190;190;0,257091;0,782178;0,201091
191;191;0,375916;0,779703;0,293103
192;192;0,488842;0,777228;0,379942
193;193;0,594098;0,774752;0,460279
194;194;0,690027;0,772277;0,532892
195;195;0,775111;0,769802;0,596682
196;196;0,848031;0,767327;0,650717
197;197;0,907643;0,764851;0,694212
198;198;0,953012;0,762376;0,726554
199;199;0,983408;0,759901;0,747292
200;200;0,998359;0,757426;0,756183
201;201;0,997644;0,754951;0,753172
202;202;0,981274;0,752475;0,738384
203;203;0,949504;0,75;0,712128
204;204;0,902804;0,75;0,677103
205;205;0,841938;0,75;0,631454
206;206;0,767861;0,75;0,575896
207;207;0,681733;0,75;0,5113
208;208;0,584898;0,75;0,438673
209;209;0,478873;0,75;0,359155
210;210;0,365336;0,75;0,274002
211;211;0,246066;0,75;0,184549
212;212;0,122932;0,75;0,092199
213;213;-0,00213423;0,75;-0,00160067
214;214;-0,127165;0,75;-0,095374
215;215;-0,2502;0,75;-0,18765
216;216;-0,369309;0,75;-0,276982
217;217;-0,482623;0,75;-0,361967
218;218;-0,58835;0,75;-0,441262
219;219;-0,684843;0,75;-0,513632
220;220;-0,770589;0,75;-0,577942
221;221;-0,844244;0,75;-0,633183
222;222;-0,904635;0,75;-0,678476
223;223;-0,950818;0,75;-0,713114
224;224;-0,982081;0,75;-0,73656
225;225;-0,997932;0,75;-0,748449
226;226;-0,998124;0,75;-0,748593
227;227;-0,982622;0,75;-0,736966
228;228;-0,951699;0,75;-0,713774
229;229;-0,905843;0,75;-0,679382
230;230;-0,845771;0,75;-0,634329
231;231;-0,772418;0,75;-0,579313
232;232;-0,686927;0,75;-0,515195
233;233;-0,590658;0,75;-0,442994
234;234;-0,48512;0,75;-0,36384
235;235;-0,371968;0,75;-0,278976
236;236;-0,252969;0,75;-0,189727
237;237;-0,13;0,75;-0,0975002
238;238;-0,00499228;0,75;-0,00374421
239;239;0,120095;0,75;0,0900711
240;240;0,243299;0,75;0,182474
241;241;0,362678;0,75;0,272008
242;242;0,476363;0,75;0,357272
243;243;0,582573;0,75;0,43693
244;244;0,679643;0,75;0,509732
245;245;0,766037;0,75;0,574528
246;246;0,840397;0,75;0,630297
247;247;0,901568;0,75;0,676176
248;248;0,948592;0,75;0,711444
249;249;0,980731;0,75;0,735548
250;250;0,997452;0,75;0,748089
251;251;0,998517;0,75;0,748887
252;252;0,983913;0,75;0,737934
253;253;0,953869;0,75;0,715401
254;254;0,908847;0,75;0,681635
255;255;0,849543;0,75;0,637157
256;256;0,776908;0,75;0,582681
257;257;0,692082;0,75;0,519062
258;258;0,596395;0,75;0,447296
259;259;0,491335;0,75;0,368501
260;260;0,378562;0,75;0,283921
261;261;0,259849;0,75;0,194886
262;262;0,137057;0,75;0,102793
263;263;0,012113;0,75;0,00908476
264;264;-0,113022;0,75;-0,0847661
265;265;-0,23638;0,75;-0,177285
266;266;-0,35603;0,75;-0,267022
267;267;-0,470093;0,75;-0,35257
268;268;-0,576774;0,75;-0,432581
269;269;-0,674393;0,75;-0,505795
270;270;-0,761429;0,75;-0,571072
271;271;-0,836516;0,75;-0,627387
272;272;-0,898477;0,75;-0,673858
273;273;-0,946315;0,75;-0,709736
274;274;-0,979298;0,75;-0,734473
275;275;-0,996913;0,75;-0,747685
276;276;-0,998885;0,75;-0,749163
277;277;-0,985174;0,75;-0,738881
278;278;-0,95598;0,75;-0,716985
279;279;-0,911784;0,75;-0,683838
280;280;-0,853281;0,75;-0,639961
281;281;-0,781387;0,75;-0,58604
282;282;-0,697216;0,75;-0,522912
283;283;-0,602095;0,75;-0,451572
284;284;-0,497527;0,75;-0,373146
285;285;-0,385152;0,75;-0,288864
286;286;-0,26673;0,75;-0,200047
287;287;-0,144114;0,75;-0,108085
288;288;-0,0192387;0,75;-0,014429
289;289;0,105938;0,75;0,0794534
290;290;0,229453;0,75;0,17209
291;291;0,349367;0,75;0,262025
292;292;0,46379;0,75;0,347842
293;293;0,570933;0,75;0,4282
294;294;0,669118;0,75;0,501838
295;295;0,756804;0,75;0,567603
296;296;0,832595;0,75;0,624446
297;297;0,895314;0,75;0,671486
298;298;0,943983;0,75;0,707987
299;299;0,977839;0,75;0,733379
300;300;0,996346;0,75;0,747259
301;301;0,99919;0,75;0,749393
302;302;0,986355;0,75;0,739767
303;303;0,958042;0,75;0,718532
304;304;0,914695;0,75;0,686022
305;305;0,856978;0,75;0,642734
306;306;0,785801;0,75;0,589351
307;307;0,702293;0,75;0,52672
308;308;0,607765;0,75;0,455824
309;309;0,503698;0,75;0,377774
310;310;0,391712;0,75;0,293784
311;311;0,27358;0,75;0,205185
312;312;0,151155;0,75;0,113367
313;313;0,0263578;0,75;0,0197684
314;314;-0,098855;0,75;-0,0741413
315;315;-0,222514;0,75;-0,166885
316;316;-0,342679;0,75;-0,257009
317;317;-0,457467;0,75;-0,343101
318;318;-0,565078;0,75;-0,423809
319;319;-0,66381;0,75;-0,497857
320;320;-0,752117;0,75;-0,564088
321;321;-0,828621;0,75;-0,621466
322;322;-0,892123;0,75;-0,669092
323;323;-0,941623;0,75;-0,706217
324;324;-0,97632;0,75;-0,73224
325;325;-0,995696;0,75;-0,746772
326;326;-0,999447;0,75;-0,749585
327;327;-0,987514;0,75;-0,740636
328;328;-0,96007;0,75;-0,720052
329;329;-0,917544;0,75;-0,688158
330;330;-0,860621;0,75;-0,645466
331;331;-0,790192;0,75;-0,592644
332;332;-0,707363;0,75;-0,530522
333;333;-0,613413;0,75;-0,46006
334;334;-0,509836;0,75;-0,382377
335;335;-0,398259;0,75;-0,298694
336;336;-0,280431;0,75;-0,210323
337;337;-0,158199;0,75;-0,118649
338;338;-0,0334813;0,75;-0,025111
339;339;0,09176;0,75;0,06882
340;340;0,215561;0,75;0,161671
341;341;0,335982;0,75;0,251986
342;342;0,451123;0,75;0,338343
343;343;0,55918;0,75;0,419385
344;344;0,65846;0,75;0,493845
345;345;0,747408;0,75;0,560556
346;346;0,824628;0,75;0,618471
347;347;0,888882;0,75;0,666661
348;348;0,939186;0,75;0,704389
349;349;0,974752;0,75;0,731064
350;350;0,995022;0,75;0,746267
351;351;0,999665;0,75;0,749749
352;352;0,988602;0,75;0,741451
353;353;0,962026;0,75;0,721519
354;354;0,920353;0,75;0,690265
355;355;0,864237;0,75;0,648178
356;356;0,794537;0,75;0,595903
357;357;0,712365;0,75;0,534274
358;358;0,619015;0,75;0,464261
359;359;0,51595;0,75;0,386963
360;360;0,404784;0,75;0,303588
361;361;0,287257;0,75;0,215443
362;362;0,165223;0,75;0,123917
363;363;0,0405971;0,75;0,0304479
364;364;-0,0846677;0,75;-0,0635007
365;365;-0,208603;0,75;-0,156452
366;366;-0,329261;0,75;-0,246946
367;367;-0,444751;0,75;-0,333563
368;368;-0,553262;0,75;-0,414946
369;369;-0,653093;0,75;-0,48982
370;370;-0,742655;0,75;-0,556991
371;371;-0,820561;0,75;-0,615421
372;372;-0,885591;0,75;-0,664193
373;373;-0,936724;0,75;-0,702543
374;374;-0,973148;0,75;-0,729861
375;375;-0,99428;0,75;-0,74571
376;376;-0,99981;0,75;-0,749857
377;377;-0,98965;0,75;-0,742238
378;378;-0,963961;0,75;-0,722971
379;379;-0,923122;0,75;-0,692341
380;380;-0,867789;0,75;-0,650842
381;381;-0,79884;0,75;-0,59913
382;382;-0,717355;0,75;-0,538016
383;383;-0,624608;0,75;-0,468456
384;384;-0,522042;0,75;-0,391532
385;385;-0,411286;0,75;-0,308465
386;386;-0,294076;0,75;-0,220557
387;387;-0,17225;0,75;-0,129188
388;388;-0,0477174;0,75;-0,0357881
389;389;0,0775639;0,75;0,0581729
390;390;0,201627;0,75;0,15122
391;391;0,322526;0,75;0,241894
392;392;0,438366;0,75;0,328774
393;393;0,547314;0,75;0,410486
394;394;0,647671;0,75;0,485753
395;395;0,737863;0,75;0,553397
396;396;0,816477;0,75;0,612358
397;397;0,882272;0,75;0,661704
398;398;0,934202;0,75;0,700651
399;399;0,971471;0,75;0,728603
400;400;0,993496;0,75;0,745122
401;401;0,99993;0,75;0,749948
402;402;0,990652;0,75;0,742989
403;403;0,965817;0,75;0,724363
404;404;0,925827;0,75;0,694371
405;405;0,871309;0,75;0,653482
406;406;0,803115;0,75;0,602336
407;407;0,722294;0,75;0,541721
408;408;0,630141;0,75;0,472605
409;409;0,528099;0,75;0,396074
410;410;0,417769;0,75;0,313327
411;411;0,300876;0,75;0,225657
412;412;0,179258;0,75;0,134444
413;413;0,0548282;0,75;0,0411211
414;414;-0,0704624;0,75;-0,0528468
415;415;-0,194649;0,75;-0,145987
416;416;-0,315777;0,75;-0,236832
417;417;-0,431945;0,75;-0,323959
418;418;-0,541335;0,75;-0,406001
419;419;-0,642231;0,75;-0,481673
420;420;-0,733046;0,75;-0,549784
421;421;-0,812338;0,75;-0,609254
422;422;-0,878883;0,75;-0,659162
423;423;-0,931635;0,75;-0,698727
424;424;-0,969769;0,75;-0,727327
425;425;-0,992666;0,75;-0,7445
426;426;-0,999974;0,75;-0,74998
427;427;-0,991589;0,75;-0,743692
428;428;-0,967645;0,75;-0,725734
429;429;-0,928515;0,75;-0,696386
430;430;-0,874785;0,75;-0,656089
431;431;-0,807329;0,75;-0,605497
432;432;-0,727204;0,75;-0,545403
433;433;-0,635667;0,75;-0,47675
434;434;-0,534145;0,75;-0,400609
435;435;-0,424232;0,75;-0,318174
436;436;-0,307663;0,75;-0,230747
437;437;-0,186266;0,75;-0,139699
438;438;-0,0619438;0,75;-0,0464579
439;439;0,0633522;0,75;0,0475142
440;440;0,187652;0,75;0,140739
441;441;0,309006;0,75;0,231755
442;442;0,425512;0,75;0,319134
443;443;0,53534;0,75;0,401505
444;444;0,636752;0,75;0,477564
445;445;0,728171;0,75;0,546128
446;446;0,808163;0,75;0,606122
447;447;0,875474;0,75;0,656606
448;448;0,929032;0,75;0,696774
449;449;0,967997;0,75;0,725998
450;450;0,991771;0,75;0,743828
451;451;0,999982;0,75;0,749987
452;452;0,992502;0,75;0,744376
453;453;0,969417;0,75;0,727063
454;454;0,931118;0,75;0,698338
455;455;0,878207;0,75;0,658656
456;456;0,811516;0,75;0,608637
457;457;0,73208;0,75;0,54906
458;458;0,641141;0,75;0,480856
459;459;0,540142;0,75;0,405107
460;460;0,430668;0,75;0,323001
461;461;0,314434;0,75;0,235825
462;462;0,193257;0,75;0,144943
463;463;0,0690482;0,75;0,0517862
464;464;-0,0562433;0,75;-0,0421825
465;465;-0,180653;0,75;-0,13549
466;466;-0,302229;0,75;-0,226672
467;467;-0,419054;0,75;-0,314291
468;468;-0,529301;0,75;-0,396976
469;469;-0,631242;0,75;-0,473431
470;470;-0,723278;0,75;-0,542458
471;471;-0,803954;0,75;-0,602965
472;472;-0,872;0,75;-0,654
473;473;-0,926361;0,75;-0,694771
474;474;-0,966187;0,75;-0,72464
475;475;-0,990851;0,75;-0,743138
476;476;-0,999939;0,75;-0,749954
477;477;-0,993331;0,75;-0,744998
478;478;-0,971136;0,75;-0,728352
479;479;-0,933701;0,75;-0,700276
480;480;-0,881607;0,75;-0,661205
481;481;-0,815657;0,75;-0,611742
482;482;-0,736908;0,75;-0,552681
483;483;-0,646596;0,75;-0,484947
484;484;-0,546136;0,75;-0,409602
485;485;-0,437093;0,75;-0,32782
486;486;-0,321188;0,75;-0,240891
487;487;-0,200244;0,75;-0,150183
488;488;-0,0761568;0,75;-0,0571176
489;489;0,0491277;0,75;0,0368458
490;490;0,17364;0,75;0,13023
491;491;0,295425;0,75;0,221568
492;492;0,412573;0,75;0,30943
493;493;0,523249;0,75;0,392437
494;494;0,625707;0,75;0,469281
495;495;0,718335;0,75;0,538751
496;496;0,799689;0,75;0,599766
497;497;0,868493;0,75;0,65137
498;498;0,923671;0,75;0,692753
499;499;0,96433;0,75;0,723247
500;500;0,989849;0,75;0,742387
501;501;0,999836;0,75;0,749877
502;502;0,994133;0,75;0,745599
503;503;0,972823;0,75;0,729617
504;504;0,936222;0,75;0,702167
505;505;0,884931;0,75;0,663698
506;506;0,819753;0,75;0,614815
507;507;0,74171;0,75;0,556283
508;508;0,652014;0,75;0,489011
509;509;0,552079;0,75;0,414059
510;510;0,443481;0,75;0,332611
511;511;0,327923;0,75;0,245943
512;512;0,207218;0,75;0,155414
513;513;0,0832547;0,75;0,0624411
514;514;-0,0420131;0,75;-0,0315099
515;515;-0,166621;0,75;-0,124966
516;516;-0,288615;0,75;-0,216462
517;517;-0,406079;0,75;-0,304559
518;518;-0,517161;0,75;-0,387871
519;519;-0,620126;0,75;-0,465095
520;520;-0,713361;0,75;-0,53502
521;521;-0,795402;0,75;-0,596551
522;522;-0,864943;0,75;-0,648707
523;523;-0,920903;0,75;-0,690677
524;524;-0,962412;0,75;-0,721809
525;525;-0,988818;0,75;-0,741614
526;526;-0,999705;0,75;-0,749778
527;527;-0,994875;0,75;-0,746156
528;528;-0,974434;0,75;-0,730825
529;529;-0,938702;0,75;-0,704026
530;530;-0,888239;0,75;-0,666179
531;531;-0,823822;0,75;-0,617867
532;532;-0,746466;0,75;-0,559849
533;533;-0,657397;0,75;-0,493047
534;534;-0,558011;0,75;-0,418508
535;535;-0,449867;0,75;-0,3374
536;536;-0,33465;0,75;-0,250987
537;537;-0,214182;0,75;-0,160637
538;538;-0,0903544;0,75;-0,0677658
539;539;0,0348923;0,75;0,0261692
540;540;0,159593;0,75;0,119695
541;541;0,281784;0,75;0,211338
542;542;0,399553;0,75;0,299664
543;543;0,511051;0,75;0,383288
544;544;0,614531;0,75;0,460898
545;545;0,708355;0,75;0,531266
546;546;0,791055;0,75;0,593291
547;547;0,86134;0,75;0,646005
548;548;0,918109;0,75;0,688582
549;549;0,960471;0,75;0,720353
550;550;0,98773;0,75;0,740798
551;551;0,99949;0,75;0,749618
552;552;0,995565;0,75;0,746674
553;553;0,976018;0,75;0,732014
554;554;0,941141;0,75;0,705855
555;555;0,891478;0,75;0,668608
556;556;0,827827;0,75;0,62087
557;557;0,751185;0,75;0,563389
558;558;0,662754;0,75;0,497065
559;559;0,563905;0,75;0,422929
560;560;0,456205;0,75;0,342154
561;561;0,341348;0,75;0,256011
562;562;0,221133;0,75;0,16585
563;563;0,0974449;0,75;0,0730837
564;564;-0,0277746;0,75;-0,0208309
565;565;-0,152556;0,75;-0,114417
566;566;-0,274944;0,75;-0,206208
567;567;-0,393018;0,75;-0,294764
568;568;-0,504919;0,75;-0,378689
569;569;-0,608888;0,75;-0,456666
570;570;-0,703302;0,75;-0,527476
571;571;-0,786679;0,75;-0,59001
572;572;-0,857714;0,75;-0,643285
573;573;-0,915261;0,75;-0,686446
574;574;-0,958445;0,75;-0,718834
575;575;-0,986589;0,75;-0,739942
576;576;-0,999251;0,75;-0,749438
577;577;-0,996221;0,75;-0,747166
578;578;-0,977537;0,75;-0,733153
579;579;-0,943515;0,75;-0,707636
580;580;-0,894686;0,75;-0,671015
581;581;-0,831818;0,75;-0,623863
582;582;-0,755875;0,75;-0,566906
583;583;-0,668066;0,75;-0,50105
584;584;-0,569774;0,75;-0,427331
585;585;-0,462541;0,75;-0,346905
586;586;-0,348045;0,75;-0,261034
587;587;-0,228078;0,75;-0,171058
588;588;-0,104534;0,75;-0,0784005
589;589;0,0206501;0,75;0,0154876
590;590;0,145512;0,75;0,109134
591;591;0,268088;0,75;0,201066
592;592;0,386452;0,75;0,289839
593;593;0,498751;0,75;0,374064
594;594;0,603224;0,75;0,452418
595;595;0,698232;0,75;0,523674
596;596;0,782263;0,75;0,586697
597;597;0,854015;0,75;0,640511
598;598;0,912365;0,75;0,684274
599;599;0,956399;0,75;0,717299
600;600;0,985415;0,75;0,739061
601;601;0,998945;0,75;0,749209
602;602;0,9968;0,75;0,7476
603;603;0,979013;0,75;0,73426
604;604;0,945862;0,75;0,709397
605;605;0,897848;0,75;0,673386
606;606;0,835736;0,75;0,626802
607;607;0,76051;0,75;0,570382
608;608;0,673349;0,75;0,505012
609;609;0,575619;0,75;0,431714
610;610;0,468839;0,75;0,351629
611;611;0,354704;0,75;0,266028
612;612;0,235004;0,75;0,176253
613;613;0,111614;0,75;0,0837103
614;614;-0,0135302;0,75;-0,0101476
615;615;-0,138461;0,75;-0,103846
616;616;-0,261217;0,75;-0,195913
617;617;-0,379874;0,75;-0,284906
618;618;-0,492573;0,75;-0,36943
619;619;-0,597528;0,75;-0,448146
620;620;-0,693103;0,75;-0,519827
621;621;-0,7778;0,75;-0,58335
622;622;-0,850293;0,75;-0,63772
623;623;-0,909437;0,75;-0,682078
624;624;-0,954288;0,75;-0,715716
625;625;-0,984163;0,75;-0,738122
626;626;-0,998595;0,75;-0,748946
627;627;-0,997356;0,75;-0,748017
628;628;-0,980447;0,75;-0,735335
629;629;-0,94814;0,75;-0,711105
630;630;-0,900956;0,75;-0,675717
631;631;-0,839633;0,75;-0,629725
632;632;-0,765133;0,75;-0,57385
633;633;-0,678603;0,75;-0,508952
634;634;-0,581424;0,75;-0,436068
635;635;-0,475122;0,75;-0,356342
636;636;-0,361364;0,75;-0,271023
637;637;-0,241928;0,75;-0,181446
638;638;-0,118693;0,75;-0,0890195
639;639;0,00640388;0,75;0,00480291
640;640;0,1314;0,75;0,0985501
641;641;0,254336;0,75;0,190752
642;642;0,373275;0,75;0,279956
643;643;0,486353;0,75;0,364764
644;644;0,591797;0,75;0,443848
645;645;0,687956;0,75;0,515967
646;646;0,773316;0,75;0,579987
647;647;0,84652;0,75;0,63489
648;648;0,906439;0,75;0,67983
649;649;0,952135;0,75;0,714101
650;650;0,982889;0,75;0,737167
651;651;0,998202;0,75;0,748651
652;652;0,997836;0,75;0,748377
653;653;0,981813;0,75;0,73636
654;654;0,950382;0,75;0,712787
655;655;0,904038;0,75;0,678028
656;656;0,843478;0,75;0,632609
657;657;0,769683;0,75;0,577262
658;658;0,68381;0,75;0,512858
659;659;0,587206;0,75;0,440405
660;660;0,48138;0,75;0,361035
661;661;0,36799;0,75;0,275992
662;662;0,248827;0,75;0,18662
663;663;0,12576;0,75;0,0943198
664;664;0,000717074;0,75;0,000537805
665;665;-0,124338;0,75;-0,0932532
666;666;-0,247438;0,75;-0,185579
667;667;-0,366655;0,75;-0,274991
668;668;-0,480119;0,75;-0,360089
669;669;-0,586049;0,75;-0,439537
670;670;-0,682765;0,75;-0,512074
671;671;-0,768766;0,75;-0,576575
672;672;-0,842703;0,75;-0,632028
673;673;-0,903417;0,75;-0,677563
674;674;-0,949941;0,75;-0,712455
675;675;-0,981541;0,75;-0,736156
676;676;-0,99774;0,75;-0,748305
677;677;-0,998281;0,75;-0,748711
678;678;-0,983157;0,75;-0,737368
679;679;-0,952577;0,75;-0,714433
680;680;-0,907046;0,75;-0,680285
681;681;-0,847282;0,75;-0,635462
682;682;-0,774222;0,75;-0,580666
683;683;-0,689004;0,75;-0,516753
684;684;-0,592959;0,75;-0,444719
685;685;-0,48761;0,75;-0,365707
686;686;-0,374609;0,75;-0,280957
687;687;-0,255728;0,75;-0,191796
688;688;-0,132828;0,75;-0,099621
689;689;-0,0078436;0,75;-0,0058827
690;690;0,117263;0,75;0,0879471
691;691;0,24053;0,75;0,180397
692;692;0,360024;0,75;0,270018
693;693;0,473857;0,75;0,355393
694;694;0,580252;0,75;0,435189
695;695;0,677542;0,75;0,508156
696;696;0,7642;0,75;0,57315
697;697;0,838856;0,75;0,629142
698;698;0,900333;0,75;0,67525
699;699;0,947681;0,75;0,710761
700;700;0,980158;0,75;0,735118
701;701;0,997254;0,75;0,74794
702;702;0,998674;0,75;0,749005
703;703;0,984417;0,75;0,738313
704;704;0,954713;0,75;0,716035
705;705;0,910027;0,75;0,68252
706;706;0,851053;0,75;0,63829
707;707;0,778703;0,75;0,584028
708;708;0,694135;0,75;0,520602
709;709;0,598675;0,75;0,449006
710;710;0,493818;0,75;0,370364
711;711;0,381203;0,75;0,285902
712;712;0,262601;0,75;0,196951
713;713;0,13988;0,75;0,10491
714;714;0,0149639;0,75;0,0112229
715;715;-0,110189;0,75;-0,0826421
716;716;-0,23361;0,75;-0,175208
717;717;-0,353363;0,75;-0,265022
718;718;-0,46757;0,75;-0,350678
719;719;-0,574441;0,75;-0,430831
720;720;-0,672292;0,75;-0,504219
721;721;-0,759579;0,75;-0,569685
722;722;-0,834946;0,75;-0,626209
723;723;-0,897211;0,75;-0,672908
724;724;-0,945397;0,75;-0,709047
725;725;-0,978724;0,75;-0,734043
726;726;-0,996686;0,75;-0,747514
727;727;-0,999007;0,75;-0,749255
728;728;-0,985652;0,75;-0,739239
729;729;-0,956824;0,75;-0,717618
730;730;-0,912956;0,75;-0,684717
731;731;-0,854762;0,75;-0,641071
732;732;-0,783155;0,75;-0,587366
733;733;-0,699258;0,75;-0,524444
734;734;-0,604375;0,75;-0,453281
735;735;-0,5;0,75;-0,375
736;736;-0,387779;0,75;-0,290834
737;737;-0,269473;0,75;-0,202105
738;738;-0,146937;0,75;-0,110202
739;739;-0,0220896;0,75;-0,0165672
740;740;0,103102;0,75;0,0773265
741;741;0,226675;0,75;0,170006
742;742;0,346692;0,75;0,260019
743;743;0,461267;0,75;0,34595
744;744;0,568592;0,75;0,426444
745;745;0,666993;0,75;0,500245
746;746;0,754928;0,75;0,566196
747;747;0,831017;0,75;0,623263
748;748;0,894048;0,75;0,670536
749;749;0,943039;0,75;0,707279
750;750;0,977231;0,75;0,732923
751;751;0,996089;0,75;0,747067
752;752;0,999313;0,75;0,749485
753;753;0,986826;0,75;0,740119
754;754;0,958853;0,75;0,71914
755;755;0,915835;0,75;0,686876
756;756;0,858444;0,75;0,643833
757;757;0,787569;0,75;0,590677
758;758;0,704322;0,75;0,528242
759;759;0,610024;0,75;0,457518
760;760;0,506153;0,75;0,379615
761;761;0,394338;0,75;0,295753
762;762;0,276323;0,75;0,207242
763;763;0,153973;0,75;0,11548
764;764;0,0292078;0,75;0,0219059
765;765;-0,0960168;0,75;-0,0720126
766;766;-0,219736;0,75;-0,164802
767;767;-0,340001;0,75;-0,255
768;768;-0,454928;0,75;-0,341196
769;769;-0,562717;0,75;-0,422038
770;770;-0,661677;0,75;-0,496258
771;771;-0,750241;0,75;-0,562681
772;772;-0,827022;0,75;-0,620267
773;773;-0,890825;0,75;-0,668119
774;774;-0,940649;0,75;-0,705487
775;775;-0,975712;0,75;-0,731784
776;776;-0,995434;0,75;-0,746575
777;777;-0,999534;0,75;-0,749651
778;778;-0,98795;0,75;-0,740962
779;779;-0,960862;0,75;-0,720647
780;780;-0,918684;0,75;-0,689013
781;781;-0,862072;0,75;-0,646554
782;782;-0,791933;0,75;-0,59395
783;783;-0,709367;0,75;-0,532025
784;784;-0,615667;0,75;-0,46175
785;785;-0,51229;0,75;-0,384218
786;786;-0,400872;0,75;-0,300654
787;787;-0,283165;0,75;-0,212374
788;788;-0,161013;0,75;-0,12076
789;789;-0,0363314;0,75;-0,0272485
790;790;0,0889207;0,75;0,0666905
791;791;0,212776;0,75;0,159582
792;792;0,333291;0,75;0,249968
793;793;0,448578;0,75;0,336434
794;794;0,556818;0,75;0,417614
795;795;0,656312;0,75;0,492234
796;796;0,745506;0,75;0,559129
797;797;0,823001;0,75;0,617251
798;798;0,887583;0,75;0,665687
799;799;0,938209;0,75;0,703657
800;800;0,97411;0,75;0,730583
801;801;0,994725;0,75;0,746044
802;802;0,999731;0,75;0,749798
803;803;0,989038;0,75;0,741778
804;804;0,962803;0,75;0,722102
805;805;0,92146;0,75;0,691095
806;806;0,865658;0,75;0,649243
807;807;0,79627;0,75;0,597203
808;808;0,714369;0,75;0,535776
809;809;0,621252;0,75;0,465939
810;810;0,518387;0,75;0,38879
811;811;0,407387;0,75;0,30554
812;812;0,28999;0,75;0,217493
813;813;0,168035;0,75;0,126027
814;814;0,0434459;0,75;0,0325844
815;815;-0,0818253;0,75;-0,061369
816;816;-0,205814;0,75;-0,15436
817;817;-0,32657;0,75;-0,244928
818;818;-0,442196;0,75;-0,331647
819;819;-0,550881;0,75;-0,413161
820;820;-0,650922;0,75;-0,488192
821;821;-0,740751;0,746324;-0,55284
822;822;-0,818934;0,742647;-0,608179
823;823;-0,884262;0,738971;-0,653444
824;824;-0,935714;0,735294;-0,688025
825;825;-0,972483;0,731618;-0,711486
826;826;-0,993983;0,727941;-0,723561
827;827;-0,999862;0,724265;-0,724165
828;828;-0,990051;0,720588;-0,713419
829;829;-0,964704;0,716912;-0,691608
830;830;-0,924219;0,713235;-0,659185
831;831;-0,86921;0,709559;-0,616756
832;832;-0,800553;0,705882;-0,565096
833;833;-0,719334;0,702206;-0,50512
834;834;-0,626826;0,698529;-0,437856
835;835;-0,524479;0,694853;-0,364436
836;836;-0,413886;0,691176;-0,286068
837;837;-0,2968;0,6875;-0,20405
838;838;-0,175057;0,683824;-0,119708
839;839;-0,0505653;0,680147;-0,0343918
840;840;0,0747216;0,676471;0,050547
841;841;0,198834;0,672794;0,133774
842;842;0,319824;0,669118;0,214
843;843;0,435796;0,665441;0,289996
844;844;0,544931;0,661765;0,360616
845;845;0,6455;0,658088;0,424796
846;846;0,735935;0,654412;0,481605
847;847;0,814821;0,650735;0,530233
848;848;0,880921;0,647059;0,570008
849;849;0,933192;0,643382;0,600399
850;850;0,970795;0,639706;0,621023
851;851;0,993164;0,636029;0,631682
852;852;0,999948;0,632353;0,63232
853;853;0,99104;0,628676;0,623043
854;854;0,966561;0,625;0,604101
855;855;0,926902;0,621324;0,575906
856;856;0,872699;0,617647;0,53902
857;857;0,804801;0,613971;0,494124
858;858;0,724273;0,610294;0,442019
859;859;0,632356;0,606618;0,383598
860;860;0,530517;0,602941;0,319871
861;861;0,420354;0,599265;0,251903
862;862;0,303594;0,595588;0,180817
863;863;0,182064;0,591912;0,107766
864;864;0,0576751;0,588235;0,0339265
865;865;-0,0676175;0,584559;-0,0395264
866;866;-0,191849;0,580882;-0,111442
867;867;-0,313072;0,577206;-0,180707
868;868;-0,429375;0,573529;-0,246259
869;869;-0,538936;0,569853;-0,307114
870;870;-0,640038;0,566176;-0,362375
871;871;-0,731098;0,5625;-0,411242
872;872;-0,810682;0,558824;-0,453028
873;873;-0,877523;0,555147;-0,487154
874;874;-0,930593;0,551471;-0,513195
875;875;-0,969059;0,547794;-0,530845
876;876;-0,99232;0,544118;-0,539939
877;877;-0,999991;0,540441;-0,540436
878;878;-0,991956;0,536765;-0,532447
879;879;-0,968355;0,533088;-0,516218
880;880;-0,929557;0,529412;-0,492119
881;881;-0,876173;0,525735;-0,460635
882;882;-0,809013;0,522059;-0,422352
883;883;-0,729157;0,518382;-0,377982
884;884;-0,63786;0,514706;-0,32831
885;885;-0,536552;0,511029;-0,274194
886;886;-0,426817;0,507353;-0,216547
887;887;-0,310376;0,503676;-0,156329
888;888;-0,189066;0,5;-0,0945328
889;889;-0,0647887;0,496324;-0,0321562
890;890;0,0605067;0,492647;0,0298085
891;891;0,184852;0,488971;0,0903872
892;892;0,306293;0,485294;0,148642
893;893;0,422927;0,481618;0,203689
894;894;0,532924;0,477941;0,254707
895;895;0,63456;0,474265;0,300949
896;896;0,726218;0,470588;0,34175
897;897;0,806479;0,466912;0,376554
898;898;0,874084;0,463235;0,404907
899;899;0,927973;0,459559;0,426458
900;900;0,967287;0,455882;0,440969
901;901;0,991405;0,452206;0,448319
902;902;0,999965;0,448529;0,448514
903;903;0,992833;0,444853;0,441665
904;904;0,970122;0,441176;0,427995
905;905;0,93216;0,4375;0,40782
906;906;0,879567;0,433824;0,381577
907;907;0,813172;0,430147;0,349783
908;908;0,734016;0,426471;0,313036
909;909;0,643334;0,422794;0,271998
910;910;0,542542;0,419118;0,227389
911;911;0,433238;0,415441;0,179985
912;912;0,317136;0,411765;0,130585
913;913;0,196055;0,408088;0,0800078
914;914;0,0718931;0,404412;0,0290744
915;915;-0,0533963;0,400735;-0,0213978
916;916;-0,177847;0,397059;-0,0706156
917;917;-0,299507;0,393382;-0,117821
918;918;-0,416469;0,389706;-0,1623
919;919;-0,526883;0,386029;-0,203392
920;920;-0,629026;0,382353;-0,24051
921;921;-0,721299;0,378676;-0,273139
922;922;-0,802254;0,375;-0,300845
923;923;-0,87061;0,371324;-0,323278
924;924;-0,925286;0,367647;-0,340179
925;925;-0,965443;0,363971;-0,351393
926;926;-0,99045;0,360294;-0,356853
927;927;-0,999914;0,356618;-0,356587
928;928;-0,993663;0,352941;-0,350704
929;929;-0,971812;0,349265;-0,339419
930;930;-0,934711;0,345588;-0,323025
931;931;-0,882942;0,341912;-0,301888
932;932;-0,817313;0,338235;-0,276444
933;933;-0,738836;0,334559;-0,247184
934;934;-0,648767;0,330882;-0,214665
935;935;-0,548516;0,327206;-0,179478
936;936;-0,439657;0,323529;-0,142242
937;937;-0,32389;0,319853;-0,103597
938;938;-0,203037;0,316176;-0,0641955
939;939;-0,0789991;0,3125;-0,0246872
940;940;0,046279;0,308824;0,0142921
941;941;0,170833;0,305147;0,0521292
942;942;0,292701;0,301471;0,0882408
943;943;0,409974;0,297794;0,122088
944;944;0,520812;0,294118;0,15318
945;945;0,623479;0,290441;0,181084
946;946;0,716356;0,286765;0,205426
947;947;0,797976;0,283088;0,225898
948;948;0,867073;0,279412;0,24227
949;949;0,922563;0,275735;0,254383
950;950;0,963577;0,272059;0,26215
951;951;0,989448;0,268382;0,26555
952;952;0,999783;0,264706;0,264649
953;953;0,994429;0,261029;0,259575
954;954;0,973471;0,257353;0,250526
955;955;0,937232;0,253676;0,237754
956;956;0,886259;0,25;0,221565
957;957;0,82138;0,246324;0,202325
958;958;0,743612;0,242647;0,180435
959;959;0,654174;0,238971;0,156328
960;960;0,554459;0,235294;0,130461
961;961;0,446035;0,231618;0,10331
962;962;0,330614;0,227941;0,0753605
963;963;0,210004;0,224265;0,0470965
964;964;0,0860967;0,220588;0,0189919
965;965;-0,0391645;0,216912;-0,00849523
966;966;-0,163809;0,213235;-0,0349298
967;967;-0,285882;0,209559;-0,0599091
968;968;-0,40347;0,205882;-0,0830673
969;969;-0,514724;0,202206;-0,10408
970;970;-0,617889;0,198529;-0,122669
971;971;-0,711357;0,194853;-0,13861
972;972;-0,793662;0,191176;-0,151729
973;973;-0,863513;0,1875;-0,161909
974;974;-0,919796;0,183824;-0,16908
975;975;-0,961634;0,180147;-0,173236
976;976;-0,988383;0,176471;-0,17442
977;977;-0,999621;0,172794;-0,172729
978;978;-0,995172;0,169118;-0,168301
979;979;-0,975075;0,165441;-0,161318
980;980;-0,939679;0,161765;-0,152007
981;981;-0,889536;0,158088;-0,140625
982;982;-0,825435;0,154412;-0,127457
983;983;-0,748368;0,150735;-0,112805
984;984;-0,659544;0,147059;-0,0969918
985;985;-0,560372;0,143382;-0,0803474
986;986;-0,452406;0,139706;-0,0632037
987;987;-0,337338;0,136029;-0,0458879
988;988;-0,216968;0,132353;-0,0287164
989;989;-0,0931937;0,128676;-0,0119918
990;990;0,0320423;0,125;0,00400528
991;991;0,156776;0,121324;0,0190207
992;992;0,279051;0,117647;0,0328295
993;993;0,396939;0,113971;0,0452394
994;994;0,508596;0,110294;0,0560952
995;995;0,612272;0,106618;0,065279
996;996;0,706342;0,102941;0,0727116
997;997;0,789314;0,0992647;0,0783511
998;998;0,859889;0,0955883;0,0821953
999;999;0,91697;0,0919117;0,0842803
1000;1000;0,959661;0,0882353;0,084676
1001;1001;0,987294;0,0845588;0,0834845
1002;1002;0,999403;0,0808824;0,0808341
1003;1003;0,995828;0,0772059;0,0768838
1004;1004;0,976626;0,0735294;0,0718107
1005;1005;0,942098;0,0698529;0,0658083
1006;1006;0,892776;0,0661765;0,0590807
1007;1007;0,829425;0,0625;0,0518391
1008;1008;0,75306;0,0588235;0,0442977
1009;1009;0,664878;0,0551471;0,0366661
1010;1010;0,566261;0,0514706;0,0291458
1011;1011;0,458744;0,0477941;0,0219253
1012;1012;0,344027;0,0441176;0,0151776
1013;1013;0,223911;0,0404412;0,00905523
1014;1014;0,100281;0,0367647;0,00368682
1015;1015;-0,0249245;0,0330882;-0,000824708
1016;1016;-0,149738;0,0294118;-0,00440407
1017;1017;-0,2722;0,0257353;-0,00700516
1018;1018;-0,39039;0,0220588;-0,00861156
1019;1019;-0,502456;0,0183823;-0,00923631
1020;1020;-0,606629;0,0147059;-0,00892103
1021;1021;-0,701273;0,0110294;-0,00773464
1022;1022;-0,784911;0,0;-0,0
1023;1023;-0,856233;0,00367647;-0,00314792
